muRataLibWeb_L:BLE18PK:symbol,{"P1":"1","P2":"0"}
muRataLibWeb_L:BLE18PS:symbol,{"P1":"1","P2":"0"}
muRataLibWeb_L:BLE32PN:symbol,{"P1":"1","P2":"0"}
muRataLibWeb_L:BLE32SN:symbol,{"P1":"1","P2":"0"}
muRataLibWeb_L:BLF02GD:symbol,{"P1":"1","P2":"0"}
muRataLibWeb_L:BLF02JD:symbol,{"P1":"1","P2":"0"}
muRataLibWeb_L:BLF02RD:symbol,{"P1":"1","P2":"0"}
muRataLibWeb_L:BLF03JD:symbol,{"P1":"1","P2":"0"}
muRataLibWeb_L:BLF03RD:symbol,{"P1":"1","P2":"0"}
muRataLibWeb_L:BLF03VK:symbol,{"P1":"1","P2":"0"}
muRataLibWeb_L:BLM02AX:symbol,{"P1":"1","P2":"0"}
muRataLibWeb_L:BLM02BB:symbol,{"P1":"1","P2":"0"}
muRataLibWeb_L:BLM02BC:symbol,{"P1":"1","P2":"0"}
muRataLibWeb_L:BLM02BX:symbol,{"P1":"1","P2":"0"}
muRataLibWeb_L:BLM02KX:symbol,{"P1":"1","P2":"0"}
muRataLibWeb_L:BLM02PX:symbol,{"P1":"1","P2":"0"}
muRataLibWeb_L:BLM03AG:symbol,{"P1":"1","P2":"0"}
muRataLibWeb_L:BLM03AX:symbol,{"P1":"1","P2":"0"}
muRataLibWeb_L:BLM03BB:symbol,{"P1":"1","P2":"0"}
muRataLibWeb_L:BLM03BC:symbol,{"P1":"1","P2":"0"}
muRataLibWeb_L:BLM03BD:symbol,{"P1":"1","P2":"0"}
muRataLibWeb_L:BLM03BX:symbol,{"P1":"1","P2":"0"}
muRataLibWeb_L:BLM03EB:symbol,{"P1":"1","P2":"0"}
muRataLibWeb_L:BLM03HB:symbol,{"P1":"1","P2":"0"}
muRataLibWeb_L:BLM03HD:symbol,{"P1":"1","P2":"0"}
muRataLibWeb_L:BLM03HG:symbol,{"P1":"1","P2":"0"}
muRataLibWeb_L:BLM03PG:symbol,{"P1":"1","P2":"0"}
muRataLibWeb_L:BLM03PX:symbol,{"P1":"1","P2":"0"}
muRataLibWeb_L:BLM15AG:symbol,{"P1":"1","P2":"0"}
muRataLibWeb_L:BLM15AX:symbol,{"P1":"1","P2":"0"}
muRataLibWeb_L:BLM15BA:symbol,{"P1":"1","P2":"0"}
muRataLibWeb_L:BLM15BB:symbol,{"P1":"1","P2":"0"}
muRataLibWeb_L:BLM15BC:symbol,{"P1":"1","P2":"0"}
muRataLibWeb_L:BLM15BD:symbol,{"P1":"1","P2":"0"}
muRataLibWeb_L:BLM15BX:symbol,{"P1":"1","P2":"0"}
muRataLibWeb_L:BLM15EG:symbol,{"P1":"1","P2":"0"}
muRataLibWeb_L:BLM15EX:symbol,{"P1":"1","P2":"0"}
muRataLibWeb_L:BLM15GA:symbol,{"P1":"1","P2":"0"}
muRataLibWeb_L:BLM15GG:symbol,{"P1":"1","P2":"0"}
muRataLibWeb_L:BLM15HB:symbol,{"P1":"1","P2":"0"}
muRataLibWeb_L:BLM15HD:symbol,{"P1":"1","P2":"0"}
muRataLibWeb_L:BLM15HG:symbol,{"P1":"1","P2":"0"}
muRataLibWeb_L:BLM15KD:symbol,{"P1":"1","P2":"0"}
muRataLibWeb_L:BLM15PD:symbol,{"P1":"1","P2":"0"}
muRataLibWeb_L:BLM15PE:symbol,{"P1":"1","P2":"0"}
muRataLibWeb_L:BLM15PG:symbol,{"P1":"1","P2":"0"}
muRataLibWeb_L:BLM15PX:symbol,{"P1":"1","P2":"0"}
muRataLibWeb_L:BLM18AG:symbol,{"P1":"1","P2":"0"}
muRataLibWeb_L:BLM18BA:symbol,{"P1":"1","P2":"0"}
muRataLibWeb_L:BLM18BB:symbol,{"P1":"1","P2":"0"}
muRataLibWeb_L:BLM18BD:symbol,{"P1":"1","P2":"0"}
muRataLibWeb_L:BLM18DN:symbol,{"P1":"1","P2":"0"}
muRataLibWeb_L:BLM18EG:symbol,{"P1":"1","P2":"0"}
muRataLibWeb_L:BLM18GG:symbol,{"P1":"1","P2":"0"}
muRataLibWeb_L:BLM18HB:symbol,{"P1":"1","P2":"0"}
muRataLibWeb_L:BLM18HD:symbol,{"P1":"1","P2":"0"}
muRataLibWeb_L:BLM18HE:symbol,{"P1":"1","P2":"0"}
muRataLibWeb_L:BLM18HG:symbol,{"P1":"1","P2":"0"}
muRataLibWeb_L:BLM18HK:symbol,{"P1":"1","P2":"0"}
muRataLibWeb_L:BLM18KG:symbol,{"P1":"1","P2":"0"}
muRataLibWeb_L:BLM18KN:symbol,{"P1":"1","P2":"0"}
muRataLibWeb_L:BLM18PG:symbol,{"P1":"1","P2":"0"}
muRataLibWeb_L:BLM18RK:symbol,{"P1":"1","P2":"0"}
muRataLibWeb_L:BLM18SD:symbol,{"P1":"1","P2":"0"}
muRataLibWeb_L:BLM18SG:symbol,{"P1":"1","P2":"0"}
muRataLibWeb_L:BLM18SN:symbol,{"P1":"1","P2":"0"}
muRataLibWeb_L:BLM18SP:symbol,{"P1":"1","P2":"0"}
muRataLibWeb_L:BLM18TG:symbol,{"P1":"1","P2":"0"}
muRataLibWeb_L:BLM21AG:symbol,{"P1":"1","P2":"0"}
muRataLibWeb_L:BLM21BB:symbol,{"P1":"1","P2":"0"}
muRataLibWeb_L:BLM21BD:symbol,{"P1":"1","P2":"0"}
muRataLibWeb_L:BLM21HE:symbol,{"P1":"1","P2":"0"}
muRataLibWeb_L:BLM21PG:symbol,{"P1":"1","P2":"0"}
muRataLibWeb_L:BLM21RK:symbol,{"P1":"1","P2":"0"}
muRataLibWeb_L:BLM21SN:symbol,{"P1":"1","P2":"0"}
muRataLibWeb_L:BLM21SP:symbol,{"P1":"1","P2":"0"}
muRataLibWeb_L:BLM31AJ:symbol,{"P1":"1","P2":"0"}
muRataLibWeb_L:BLM31KN:symbol,{"P1":"1","P2":"0"}
muRataLibWeb_L:BLM31PG:symbol,{"P1":"1","P2":"0"}
muRataLibWeb_L:BLM31SN:symbol,{"P1":"1","P2":"0"}
muRataLibWeb_L:BLM41PG:symbol,{"P1":"1","P2":"0"}
muRataLibWeb_L:BLT5BPT:symbol,{"P1":"1","P2":"0"}
muRataLibWeb_L:LQG15HH_02:symbol,{"P1":"1","P2":"0"}
muRataLibWeb_L:LQG15HN_02:symbol,{"P1":"1","P2":"0"}
muRataLibWeb_L:LQG15HS_02:symbol,{"P1":"1","P2":"0"}
muRataLibWeb_L:LQG15HZ_02:symbol,{"P1":"1","P2":"0"}
muRataLibWeb_L:LQG15WH_02:symbol,{"P1":"1","P2":"0"}
muRataLibWeb_L:LQG15WZ_02:symbol,{"P1":"1","P2":"0"}
muRataLibWeb_L:LQG18HH_00:symbol,{"P1":"1","P2":"0"}
muRataLibWeb_L:LQG18HN_00:symbol,{"P1":"1","P2":"0"}
muRataLibWeb_L:LQP02HQ_02:symbol,{"P1":"1","P2":"0"}
muRataLibWeb_L:LQP02HV_02:symbol,{"P1":"1","P2":"0"}
muRataLibWeb_L:LQP02TN_02:symbol,{"P1":"1","P2":"0"}
muRataLibWeb_L:LQP02TQ_02:symbol,{"P1":"1","P2":"0"}
muRataLibWeb_L:LQP03HQ_02:symbol,{"P1":"1","P2":"0"}
muRataLibWeb_L:LQP03PN_02:symbol,{"P1":"1","P2":"0"}
muRataLibWeb_L:LQP03TG_02:symbol,{"P1":"1","P2":"0"}
muRataLibWeb_L:LQP03TN_02:symbol,{"P1":"1","P2":"0"}
muRataLibWeb_L:LQP03TN_Z2:symbol,{"P1":"1","P2":"0"}
muRataLibWeb_L:LQP03TQ_02:symbol,{"P1":"1","P2":"0"}
muRataLibWeb_L:LQW03AW_00:symbol,{"P1":"1","P2":"0"}
muRataLibWeb_L:LQW04AN_00:symbol,{"P1":"1","P2":"0"}
muRataLibWeb_L:LQW04AN_10:symbol,{"P1":"1","P2":"0"}
muRataLibWeb_L:LQW04AN_20:symbol,{"P1":"1","P2":"0"}
muRataLibWeb_L:LQW15AN_00:symbol,{"P1":"1","P2":"0"}
muRataLibWeb_L:LQW15AN_0Z:symbol,{"P1":"1","P2":"0"}
muRataLibWeb_L:LQW15AN_10:symbol,{"P1":"1","P2":"0"}
muRataLibWeb_L:LQW15AN_1Z:symbol,{"P1":"1","P2":"0"}
muRataLibWeb_L:LQW15AN_80:symbol,{"P1":"1","P2":"0"}
muRataLibWeb_L:LQW15AN_8Z:symbol,{"P1":"1","P2":"0"}
muRataLibWeb_L:LQW15AW_80:symbol,{"P1":"1","P2":"0"}
muRataLibWeb_L:LQW15CA_00:symbol,{"P1":"1","P2":"0"}
muRataLibWeb_L:LQW15CE_10:symbol,{"P1":"1","P2":"0"}
muRataLibWeb_L:LQW15CN_00:symbol,{"P1":"1","P2":"0"}
muRataLibWeb_L:LQW15CN_0Z:symbol,{"P1":"1","P2":"0"}
muRataLibWeb_L:LQW15CN_10:symbol,{"P1":"1","P2":"0"}
muRataLibWeb_L:LQW15CN_1Z:symbol,{"P1":"1","P2":"0"}
muRataLibWeb_L:LQW15DN_00:symbol,{"P1":"1","P2":"0"}
muRataLibWeb_L:LQW18AN_00:symbol,{"P1":"1","P2":"0"}
muRataLibWeb_L:LQW18AN_0Z:symbol,{"P1":"1","P2":"0"}
muRataLibWeb_L:LQW18AN_10:symbol,{"P1":"1","P2":"0"}
muRataLibWeb_L:LQW18AN_1Z:symbol,{"P1":"1","P2":"0"}
muRataLibWeb_L:LQW18AN_80:symbol,{"P1":"1","P2":"0"}
muRataLibWeb_L:LQW18AN_8Z:symbol,{"P1":"1","P2":"0"}
muRataLibWeb_L:LQW18AS_00:symbol,{"P1":"1","P2":"0"}
muRataLibWeb_L:LQW18AS_0C:symbol,{"P1":"1","P2":"0"}
muRataLibWeb_L:LQW18AS_0Z:symbol,{"P1":"1","P2":"0"}
muRataLibWeb_L:LQW18CA_00:symbol,{"P1":"1","P2":"0"}
muRataLibWeb_L:LQW18CN_00:symbol,{"P1":"1","P2":"0"}
muRataLibWeb_L:LQW18CN_0H:symbol,{"P1":"1","P2":"0"}
muRataLibWeb_L:LQW18CN_0Z:symbol,{"P1":"1","P2":"0"}
muRataLibWeb_L:LQW21FT_0H:symbol,{"P1":"1","P2":"0"}
muRataLibWeb_L:LQW21HN_00:symbol,{"P1":"1","P2":"0"}
muRataLibWeb_L:LQW2BAN_00:symbol,{"P1":"1","P2":"0"}
muRataLibWeb_L:LQW2BAS_00:symbol,{"P1":"1","P2":"0"}
muRataLibWeb_L:LQW2BAS_0C:symbol,{"P1":"1","P2":"0"}
muRataLibWeb_L:LQW2UAS_00:symbol,{"P1":"1","P2":"0"}
muRataLibWeb_L:LQW2UAS_0C:symbol,{"P1":"1","P2":"0"}
muRataLibWeb_L:LQW32FT_0H:symbol,{"P1":"1","P2":"0"}
muRataLibWeb_L:LQW43FT_0H:symbol,{"P1":"1","P2":"0"}
muRataLibWeb_L:NFZ03SG:symbol,{"P1":"1","P2":"0"}
muRataLibWeb_L:NFZ15SF:symbol,{"P1":"1","P2":"0"}
muRataLibWeb_L:NFZ15SG:symbol,{"P1":"1","P2":"0"}
muRataLibWeb_L:NFZ15SR:symbol,{"P1":"1","P2":"0"}
muRataLibWeb_L:NFZ18SM:symbol,{"P1":"1","P2":"0"}
muRataLibWeb_L:NFZ2HBM:symbol,{"P1":"1","P2":"0"}
muRataLibWeb_L:NFZ2MSD:symbol,{"P1":"1","P2":"0"}
muRataLibWeb_L:NFZ2MSM:symbol,{"P1":"1","P2":"0"}
muRataLibWeb_L:NFZ32BW:symbol,{"P1":"1","P2":"0"}
muRataLibWeb_L:NFZ32SW:symbol,{"P1":"1","P2":"0"}
muRataLibWeb_L:NFZ5BBW:symbol,{"P1":"1","P2":"0"}
